"fov","cellID","x_local_px","y_local_px","x_global_px","y_global_px"
11,1,2623,4256,136998.830388387,45652.4141209921
11,1,2624,4255,136999.830388387,45651.4141209921
11,1,2633,4230,137008.830388387,45626.4141209921
11,1,2633,4226,137008.830388387,45622.4141209921
11,1,2632,4214,137007.830388387,45610.4141209921
11,1,2610,4203,136985.830388387,45599.4141209921
11,1,2603,4201,136978.830388387,45597.4141209921
11,1,2579,4196,136954.830388387,45592.4141209921
11,1,2578,4196,136953.830388387,45592.4141209921
11,1,2552,4203,136927.830388387,45599.4141209921
11,1,2536,4208,136911.830388387,45604.414120992
11,1,2531,4210,136906.830388387,45606.4141209921
11,1,2529,4211,136904.830388387,45607.4141209921
11,1,2526,4213,136901.830388387,45609.4141209921
11,1,2525,4214,136900.830388387,45610.4141209921
11,1,2525,4215,136900.830388387,45611.414120992
11,1,2526,4218,136901.830388387,45614.414120992
11,1,2529,4226,136904.830388387,45622.4141209921
11,1,2532,4232,136907.830388387,45628.414120992
11,1,2534,4235,136909.830388387,45631.4141209921
11,1,2542,4240,136917.830388387,45636.4141209921
11,1,2568,4256,136943.830388387,45652.4141209921
11,2,2822,4256,137197.830388387,45652.4141209921
11,2,2822,4250,137197.830388387,45646.414120992
11,2,2821,4231,137196.830388387,45627.4141209921
11,2,2819,4215,137194.830388387,45611.414120992
11,2,2818,4209,137193.830388387,45605.414120992
11,2,2817,4207,137192.830388387,45603.414120992
11,2,2755,4201,137130.830388387,45597.4141209921
11,2,2752,4201,137127.830388387,45597.4141209921
11,2,2747,4202,137122.830388387,45598.4141209921
11,2,2722,4219,137097.830388387,45615.4141209921
11,2,2700,4238,137075.830388387,45634.4141209921
11,2,2700,4256,137075.830388387,45652.4141209921
11,3,2909,4256,137284.830388387,45652.4141209921
11,3,2929,4220,137304.830388387,45616.4141209921
11,3,2930,4218,137305.830388387,45614.414120992
11,3,2928,4204,137303.830388387,45600.4141209921
11,3,2927,4199,137302.830388387,45595.414120992
11,3,2926,4196,137301.830388387,45592.4141209921
11,3,2921,4186,137296.830388387,45582.4141209921
11,3,2915,4178,137290.830388387,45574.4141209921
11,3,2910,4173,137285.830388387,45569.414120992
11,3,2908,4172,137283.830388387,45568.414120992
11,3,2892,4166,137267.830388387,45562.4141209921
11,3,2889,4165,137264.830388387,45561.414120992
11,3,2874,4162,137249.830388387,45558.4141209921
11,3,2860,4162,137235.830388387,45558.4141209921
11,3,2855,4163,137230.830388387,45559.414120992
11,3,2852,4164,137227.830388387,45560.414120992
11,3,2850,4165,137225.830388387,45561.414120992
11,3,2845,4170,137220.830388387,45566.4141209921
11,3,2831,4188,137206.830388387,45584.4141209921
11,3,2820,4204,137195.830388387,45600.4141209921
11,3,2818,4207,137193.830388387,45603.414120992
11,3,2818,4208,137193.830388387,45604.414120992
11,3,2822,4249,137197.830388387,45645.4141209921
11,3,2824,4256,137199.830388387,45652.4141209921
11,4,3091,4256,137466.830388387,45652.4141209921
11,4,3108,4215,137483.830388387,45611.414120992
11,4,3108,4202,137483.830388387,45598.4141209921
11,4,3092,4199,137467.830388387,45595.414120992
11,4,3025,4195,137400.830388387,45591.4141209921
11,4,3013,4195,137388.830388387,45591.4141209921
11,4,2989,4196,137364.830388387,45592.4141209921
11,4,2985,4200,137360.830388387,45596.414120992
11,4,2981,4206,137356.830388387,45602.414120992
11,4,2980,4208,137355.830388387,45604.414120992
11,4,2979,4211,137354.830388387,45607.4141209921
11,4,2978,4216,137353.830388387,45612.414120992
11,4,2978,4218,137353.830388387,45614.414120992
11,4,2981,4226,137356.830388387,45622.4141209921
11,4,2983,4231,137358.830388387,45627.4141209921
11,4,2999,4256,137374.830388387,45652.4141209921
11,5,3647,4256,138022.830388387,45652.4141209921
11,5,3657,4250,138032.830388387,45646.414120992
11,5,3660,4230,138035.830388387,45626.4141209921
11,5,3660,4227,138035.830388387,45623.4141209921
11,5,3658,4225,138033.830388387,45621.414120992
11,5,3644,4218,138019.830388387,45614.414120992
11,5,3611,4202,137986.830388387,45598.4141209921
11,5,3560,4237,137935.830388387,45633.4141209921
11,5,3548,4247,137923.830388387,45643.4141209921
11,5,3544,4252,137919.830388387,45648.414120992
11,5,3542,4255,137917.830388387,45651.4141209921
11,5,3542,4256,137917.830388387,45652.4141209921
11,6,4083,4256,138458.830388387,45652.4141209921
11,6,4089,4242,138464.830388387,45638.414120992
11,6,4091,4234,138466.830388387,45630.414120992
11,6,4097,4206,138472.830388387,45602.414120992
11,6,4099,4196,138474.830388387,45592.4141209921
11,6,4099,4193,138474.830388387,45589.4141209921
11,6,4097,4187,138472.830388387,45583.4141209921
11,6,4087,4176,138462.830388387,45572.4141209921
11,6,4085,4174,138460.830388387,45570.4141209921
11,6,4080,4174,138455.830388387,45570.4141209921
11,6,4075,4175,138450.830388387,45571.4141209921
11,6,4063,4179,138438.830388387,45575.4141209921
11,6,4061,4181,138436.830388387,45577.414120992
11,6,4046,4199,138421.830388387,45595.414120992
11,6,4034,4217,138409.830388387,45613.414120992
11,6,4026,4231,138401.830388387,45627.4141209921
11,6,4024,4235,138399.830388387,45631.4141209921
11,6,4019,4249,138394.830388387,45645.4141209921
11,6,4017,4255,138392.830388387,45651.4141209921
11,6,4017,4256,138392.830388387,45652.4141209921
11,7,4133,4256,138508.830388387,45652.4141209921
11,7,4139,4244,138514.830388387,45640.4141209921
11,7,4150,4220,138525.830388387,45616.4141209921
11,7,4150,4216,138525.830388387,45612.414120992
11,7,4143,4209,138518.830388387,45605.414120992
11,7,4135,4203,138510.830388387,45599.4141209921
11,7,4123,4197,138498.830388387,45593.414120992
11,7,4105,4191,138480.830388387,45587.414120992
11,7,4098,4191,138473.830388387,45587.414120992
11,7,4084,4249,138459.830388387,45645.4141209921
11,7,4084,4256,138459.830388387,45652.4141209921
11,8,4250,4256,138625.830388387,45652.4141209921
11,8,4251,4255,138626.830388387,45651.4141209921
11,8,4252,4250,138627.830388387,45646.414120992
11,8,4251,4246,138626.830388387,45642.4141209921
11,8,4207,4213,138582.830388387,45609.4141209921
11,8,4195,4205,138570.830388387,45601.4141209921
11,8,4192,4205,138567.830388387,45601.4141209921
11,8,4188,4206,138563.830388387,45602.414120992
11,8,4162,4213,138537.830388387,45609.4141209921
11,8,4155,4215,138530.830388387,45611.414120992
11,8,4151,4217,138526.830388387,45613.414120992
11,8,4146,4225,138521.830388387,45621.414120992
11,8,4134,4249,138509.830388387,45645.4141209921
11,8,4134,4256,138509.830388387,45652.4141209921
11,9,3174,4256,137549.830388387,45652.4141209921
11,9,3179,4255,137554.830388387,45651.4141209921
11,9,3182,4254,137557.830388387,45650.4141209921
11,9,3184,4253,137559.830388387,45649.4141209921
11,9,3189,4248,137564.830388387,45644.4141209921
11,9,3196,4240,137571.830388387,45636.4141209921
11,9,3242,4164,137617.830388387,45560.414120992
11,9,3242,4163,137617.830388387,45559.414120992
11,9,3154,4151,137529.830388387,45547.4141209921
11,9,3152,4151,137527.830388387,45547.4141209921
11,9,3144,4155,137519.830388387,45551.414120992
11,9,3128,4169,137503.830388387,45565.4141209921
11,9,3109,4202,137484.830388387,45598.4141209921
11,9,3092,4247,137467.830388387,45643.4141209921
11,9,3092,4256,137467.830388387,45652.4141209921
11,10,3295,4256,137670.830388387,45652.4141209921
11,10,3297,4249,137672.830388387,45645.4141209921
11,10,3299,4224,137674.830388387,45620.414120992
11,10,3299,4181,137674.830388387,45577.414120992
11,10,3296,4178,137671.830388387,45574.4141209921
11,10,3268,4161,137643.830388387,45557.4141209921
11,10,3252,4161,137627.830388387,45557.4141209921
11,10,3244,4163,137619.830388387,45559.414120992
11,10,3238,4165,137613.830388387,45561.414120992
11,10,3236,4167,137611.830388387,45563.4141209921
11,10,3218,4193,137593.830388387,45589.4141209921
11,10,3204,4214,137579.830388387,45610.4141209921
11,10,3201,4220,137576.830388387,45616.4141209921
11,10,3197,4238,137572.830388387,45634.4141209921
11,10,3197,4241,137572.830388387,45637.414120992
11,10,3201,4255,137576.830388387,45651.4141209921
11,10,3202,4256,137577.830388387,45652.4141209921
11,11,1823,4256,136198.830388387,45652.4141209921
11,11,1825,4254,136200.830388387,45650.4141209921
11,11,1831,4244,136206.830388387,45640.4141209921
11,11,1834,4238,136209.830388387,45634.4141209921
11,11,1835,4235,136210.830388387,45631.4141209921
11,11,1836,4230,136211.830388387,45626.4141209921
11,11,1836,4220,136211.830388387,45616.4141209921
11,11,1835,4215,136210.830388387,45611.414120992
11,11,1834,4212,136209.830388387,45608.4141209921
11,11,1831,4206,136206.830388387,45602.414120992
11,11,1826,4201,136201.830388387,45597.4141209921
11,11,1804,4189,136179.830388387,45585.414120992
11,11,1802,4188,136177.830388387,45584.4141209921
11,11,1799,4187,136174.830388387,45583.4141209921
11,11,1794,4186,136169.830388387,45582.4141209921
11,11,1782,4186,136157.830388387,45582.4141209921
11,11,1777,4187,136152.830388387,45583.4141209921
11,11,1774,4188,136149.830388387,45584.4141209921
11,11,1772,4189,136147.830388387,45585.414120992
11,11,1764,4195,136139.830388387,45591.4141209921
11,11,1759,4200,136134.830388387,45596.414120992
11,11,1758,4202,136133.830388387,45598.4141209921
11,11,1755,4211,136130.830388387,45607.4141209921
11,11,1754,4216,136129.830388387,45612.414120992
11,11,1754,4223,136129.830388387,45619.414120992
11,11,1755,4228,136130.830388387,45624.4141209921
11,11,1756,4231,136131.830388387,45627.4141209921
11,11,1765,4249,136140.830388387,45645.4141209921
11,11,1767,4252,136142.830388387,45648.414120992
11,11,1771,4256,136146.830388387,45652.4141209921
11,12,3763,4256,138138.830388387,45652.4141209921
11,12,3767,4252,138142.830388387,45648.414120992
11,12,3768,4207,138143.830388387,45603.414120992
11,12,3768,4196,138143.830388387,45592.4141209921
11,12,3731,4177,138106.830388387,45573.4141209921
11,12,3726,4176,138101.830388387,45572.4141209921
11,12,3724,4176,138099.830388387,45572.4141209921
11,12,3712,4183,138087.830388387,45579.4141209921
11,12,3678,4213,138053.830388387,45609.4141209921
11,12,3672,4219,138047.830388387,45615.4141209921
11,12,3668,4227,138043.830388387,45623.4141209921
11,12,3671,4230,138046.830388387,45626.4141209921
11,12,3675,4232,138050.830388387,45628.414120992
11,12,3734,4256,138109.830388387,45652.4141209921
11,13,3353,4256,137728.830388387,45652.4141209921
11,13,3358,4253,137733.830388387,45649.4141209921
11,13,3363,4248,137738.830388387,45644.4141209921
11,13,3373,4236,137748.830388387,45632.4141209921
11,13,3376,4230,137751.830388387,45626.4141209921
11,13,3377,4227,137752.830388387,45623.4141209921
11,13,3379,4219,137754.830388387,45615.4141209921
11,13,3380,4214,137755.830388387,45610.4141209921
11,13,3380,4200,137755.830388387,45596.414120992
11,13,3379,4195,137754.830388387,45591.4141209921
11,13,3376,4192,137751.830388387,45588.4141209921
11,13,3356,4173,137731.830388387,45569.414120992
11,13,3353,4171,137728.830388387,45567.414120992
11,13,3348,4168,137723.830388387,45564.4141209921
11,13,3345,4168,137720.830388387,45564.4141209921
11,13,3336,4169,137711.830388387,45565.4141209921
11,13,3328,4170,137703.830388387,45566.4141209921
11,13,3324,4171,137699.830388387,45567.414120992
11,13,3312,4175,137687.830388387,45571.4141209921
11,13,3305,4179,137680.830388387,45575.4141209921
11,13,3301,4182,137676.830388387,45578.414120992
11,13,3298,4185,137673.830388387,45581.4141209921
11,13,3296,4235,137671.830388387,45631.4141209921
11,13,3296,4255,137671.830388387,45651.4141209921
11,13,3297,4256,137672.830388387,45652.4141209921
11,14,3541,4256,137916.830388387,45652.4141209921
11,14,3589,4226,137964.830388387,45622.4141209921
11,14,3603,4216,137978.830388387,45612.414120992
11,14,3605,4214,137980.830388387,45610.4141209921
11,14,3608,4209,137983.830388387,45605.414120992
11,14,3609,4207,137984.830388387,45603.414120992
11,14,3610,4204,137985.830388387,45600.4141209921
11,14,3610,4202,137985.830388387,45598.4141209921
11,14,3609,4198,137984.830388387,45594.414120992
11,14,3606,4190,137981.830388387,45586.414120992
11,14,3605,4188,137980.830388387,45584.4141209921
11,14,3598,4183,137973.830388387,45579.4141209921
11,14,3592,4180,137967.830388387,45576.414120992
11,14,3583,4177,137958.830388387,45573.4141209921
11,14,3578,4176,137953.830388387,45572.4141209921
11,14,3558,4176,137933.830388387,45572.4141209921
11,14,3553,4177,137928.830388387,45573.4141209921
11,14,3539,4181,137914.830388387,45577.414120992
11,14,3536,4182,137911.830388387,45578.414120992
11,14,3530,4185,137905.830388387,45581.4141209921
11,14,3521,4194,137896.830388387,45590.4141209921
11,14,3512,4212,137887.830388387,45608.4141209921
11,14,3511,4215,137886.830388387,45611.414120992
11,14,3510,4220,137885.830388387,45616.4141209921
11,14,3510,4226,137885.830388387,45622.4141209921
11,14,3511,4231,137886.830388387,45627.4141209921
11,14,3512,4234,137887.830388387,45630.414120992
11,14,3513,4236,137888.830388387,45632.4141209921
11,14,3523,4249,137898.830388387,45645.4141209921
11,14,3530,4256,137905.830388387,45652.4141209921
11,15,3983,4256,138358.830388387,45652.4141209921
11,15,3987,4252,138362.830388387,45648.414120992
11,15,3988,4250,138363.830388387,45646.414120992
11,15,3988,4243,138363.830388387,45639.414120992
11,15,3982,4223,138357.830388387,45619.414120992
11,15,3979,4217,138354.830388387,45613.414120992
11,15,3972,4207,138347.830388387,45603.414120992
11,15,3932,4192,138307.830388387,45588.4141209921
11,15,3929,4192,138304.830388387,45588.4141209921
11,15,3922,4196,138297.830388387,45592.4141209921
11,15,3915,4202,138290.830388387,45598.4141209921
11,15,3912,4205,138287.830388387,45601.4141209921
11,15,3916,4225,138291.830388387,45621.414120992
11,15,3917,4228,138292.830388387,45624.4141209921
11,15,3918,4230,138293.830388387,45626.4141209921
11,15,3921,4234,138296.830388387,45630.414120992
11,15,3938,4255,138313.830388387,45651.4141209921
11,15,3939,4256,138314.830388387,45652.4141209921
11,16,3838,4256,138213.830388387,45652.4141209921
11,16,3855,4246,138230.830388387,45642.4141209921
11,16,3871,4218,138246.830388387,45614.414120992
11,16,3881,4198,138256.830388387,45594.414120992
11,16,3881,4193,138256.830388387,45589.4141209921
11,16,3880,4190,138255.830388387,45586.414120992
11,16,3874,4173,138249.830388387,45569.414120992
11,16,3873,4171,138248.830388387,45567.414120992
11,16,3867,4168,138242.830388387,45564.4141209921
11,16,3861,4167,138236.830388387,45563.4141209921
11,16,3844,4167,138219.830388387,45563.4141209921
11,16,3832,4169,138207.830388387,45565.4141209921
11,16,3796,4179,138171.830388387,45575.4141209921
11,16,3782,4188,138157.830388387,45584.4141209921
11,16,3781,4189,138156.830388387,45585.414120992
11,16,3803,4241,138178.830388387,45637.414120992
11,16,3809,4249,138184.830388387,45645.4141209921
11,16,3815,4255,138190.830388387,45651.4141209921
11,16,3817,4256,138192.830388387,45652.4141209921
11,17,4016,4256,138391.830388387,45652.4141209921
11,17,4058,4186,138433.830388387,45582.4141209921
11,17,4061,4180,138436.830388387,45576.414120992
11,17,4061,4175,138436.830388387,45571.4141209921
11,17,4060,4172,138435.830388387,45568.414120992
11,17,4057,4166,138432.830388387,45562.4141209921
11,17,4053,4160,138428.830388387,45556.4141209921
11,17,4046,4153,138421.830388387,45549.4141209921
11,17,4044,4153,138419.830388387,45549.4141209921
11,17,4028,4159,138403.830388387,45555.4141209921
11,17,4018,4163,138393.830388387,45559.414120992
11,17,4010,4167,138385.830388387,45563.4141209921
11,17,3996,4181,138371.830388387,45577.414120992
11,17,3973,4206,138348.830388387,45602.414120992
11,17,3973,4208,138348.830388387,45604.414120992
11,17,3990,4248,138365.830388387,45644.4141209921
11,17,3991,4249,138366.830388387,45645.4141209921
11,17,3996,4253,138371.830388387,45649.4141209921
11,17,3998,4254,138373.830388387,45650.4141209921
11,17,4001,4255,138376.830388387,45651.4141209921
11,17,4005,4256,138380.830388387,45652.4141209921
11,18,2701,4237,137076.830388387,45633.4141209921
11,18,2705,4235,137080.830388387,45631.4141209921
11,18,2714,4230,137089.830388387,45626.4141209921
11,18,2717,4228,137092.830388387,45624.4141209921
11,18,2743,4208,137118.830388387,45604.414120992
11,18,2745,4203,137120.830388387,45599.4141209921
11,18,2745,4201,137120.830388387,45597.4141209921
11,18,2737,4187,137112.830388387,45583.4141209921
11,18,2731,4177,137106.830388387,45573.4141209921
11,18,2727,4175,137102.830388387,45571.4141209921
11,18,2683,4167,137058.830388387,45563.4141209921
11,18,2649,4163,137024.830388387,45559.414120992
11,18,2614,4163,136989.830388387,45559.414120992
11,18,2588,4181,136963.830388387,45577.414120992
11,18,2580,4192,136955.830388387,45588.4141209921
11,18,2579,4194,136954.830388387,45590.4141209921
11,18,2579,4195,136954.830388387,45591.4141209921
11,18,2582,4198,136957.830388387,45594.414120992
11,18,2699,4237,137074.830388387,45633.4141209921
11,19,3668,4226,138043.830388387,45622.4141209921
11,19,3699,4198,138074.830388387,45594.414120992
11,19,3720,4179,138095.830388387,45575.4141209921
11,19,3723,4176,138098.830388387,45572.4141209921
11,19,3723,4175,138098.830388387,45571.4141209921
11,19,3719,4170,138094.830388387,45566.4141209921
11,19,3718,4169,138093.830388387,45565.4141209921
11,19,3699,4153,138074.830388387,45549.4141209921
11,19,3691,4149,138066.830388387,45545.4141209921
11,19,3685,4147,138060.830388387,45543.414120992
11,19,3675,4145,138050.830388387,45541.414120992
11,19,3667,4144,138042.830388387,45540.4141209921
11,19,3662,4144,138037.830388387,45540.4141209921
11,19,3656,4147,138031.830388387,45543.414120992
11,19,3608,4178,137983.830388387,45574.4141209921
11,19,3605,4187,137980.830388387,45583.4141209921
11,19,3610,4201,137985.830388387,45597.4141209921
11,19,3624,4212,137999.830388387,45608.4141209921
11,19,3628,4214,138003.830388387,45610.4141209921
11,19,3660,4226,138035.830388387,45622.4141209921
11,20,4152,4216,138527.830388387,45612.414120992
11,20,4184,4208,138559.830388387,45604.414120992
11,20,4195,4204,138570.830388387,45600.4141209921
11,20,4203,4193,138578.830388387,45589.4141209921
11,20,4214,4171,138589.830388387,45567.414120992
11,20,4214,4162,138589.830388387,45558.4141209921
11,20,4211,4156,138586.830388387,45552.414120992
11,20,4207,4150,138582.830388387,45546.4141209921
11,20,4204,4147,138579.830388387,45543.414120992
11,20,4198,4144,138573.830388387,45540.4141209921
11,20,4186,4140,138561.830388387,45536.4141209921
11,20,4183,4140,138558.830388387,45536.4141209921
11,20,4152,4149,138527.830388387,45545.4141209921
11,20,4087,4173,138462.830388387,45569.414120992
11,20,4086,4174,138461.830388387,45570.4141209921
11,20,4090,4181,138465.830388387,45577.414120992
11,20,4098,4190,138473.830388387,45586.414120992
11,20,4151,4216,138526.830388387,45612.414120992
11,21,2795,4208,137170.830388387,45604.414120992
11,21,2818,4206,137193.830388387,45602.414120992
11,21,2819,4205,137194.830388387,45601.4141209921
11,21,2823,4200,137198.830388387,45596.414120992
11,21,2825,4197,137200.830388387,45593.414120992
11,21,2838,4162,137213.830388387,45558.4141209921
11,21,2839,4159,137214.830388387,45555.4141209921
11,21,2840,4154,137215.830388387,45550.414120992
11,21,2840,4146,137215.830388387,45542.414120992
11,21,2839,4141,137214.830388387,45537.4141209921
11,21,2838,4138,137213.830388387,45534.414120992
11,21,2837,4136,137212.830388387,45532.414120992
11,21,2828,4127,137203.830388387,45523.4141209921
11,21,2826,4126,137201.830388387,45522.4141209921
11,21,2813,4121,137188.830388387,45517.414120992
11,21,2789,4113,137164.830388387,45509.4141209921
11,21,2781,4111,137156.830388387,45507.414120992
11,21,2776,4110,137151.830388387,45506.414120992
11,21,2728,4173,137103.830388387,45569.414120992
11,21,2728,4176,137103.830388387,45572.4141209921
11,21,2742,4200,137117.830388387,45596.414120992
11,21,2747,4201,137122.830388387,45597.4141209921
11,21,2774,4206,137149.830388387,45602.414120992
11,21,2792,4208,137167.830388387,45604.414120992
11,22,3961,4208,138336.830388387,45604.414120992
11,22,3970,4207,138345.830388387,45603.414120992
11,22,3981,4202,138356.830388387,45598.4141209921
11,22,3987,4196,138362.830388387,45592.4141209921
11,22,4003,4176,138378.830388387,45572.4141209921
11,22,4004,4174,138379.830388387,45570.4141209921
11,22,4004,4169,138379.830388387,45565.4141209921
11,22,4003,4167,138378.830388387,45563.4141209921
11,22,3936,4116,138311.830388387,45512.4141209921
11,22,3933,4116,138308.830388387,45512.4141209921
11,22,3925,4124,138300.830388387,45520.4141209921
11,22,3924,4126,138299.830388387,45522.4141209921
11,22,3921,4135,138296.830388387,45531.4141209921
11,22,3920,4140,138295.830388387,45536.4141209921
11,22,3920,4141,138295.830388387,45537.4141209921
11,22,3931,4191,138306.830388387,45587.414120992
11,22,3935,4194,138310.830388387,45590.4141209921
11,22,3938,4196,138313.830388387,45592.4141209921
11,22,3956,4207,138331.830388387,45603.414120992
11,22,3958,4208,138333.830388387,45604.414120992
11,23,3470,4222,137845.830388387,45618.4141209921
11,23,3475,4221,137850.830388387,45617.4141209921
11,23,3490,4216,137865.830388387,45612.414120992
11,23,3496,4213,137871.830388387,45609.4141209921
11,23,3511,4198,137886.830388387,45594.414120992
11,23,3517,4190,137892.830388387,45586.414120992
11,23,3520,4184,137895.830388387,45580.4141209921
11,23,3521,4181,137896.830388387,45577.414120992
11,23,3521,4157,137896.830388387,45553.414120992
11,23,3520,4154,137895.830388387,45550.414120992
11,23,3519,4152,137894.830388387,45548.4141209921
11,23,3514,4147,137889.830388387,45543.414120992
11,23,3504,4139,137879.830388387,45535.414120992
11,23,3502,4138,137877.830388387,45534.414120992
11,23,3499,4137,137874.830388387,45533.414120992
11,23,3476,4132,137851.830388387,45528.4141209921
11,23,3475,4132,137850.830388387,45528.4141209921
11,23,3464,4134,137839.830388387,45530.4141209921
11,23,3458,4136,137833.830388387,45532.414120992
11,23,3456,4137,137831.830388387,45533.414120992
11,23,3436,4153,137811.830388387,45549.4141209921
11,23,3424,4163,137799.830388387,45559.414120992
11,23,3418,4169,137793.830388387,45565.4141209921
11,23,3401,4193,137776.830388387,45589.4141209921
11,23,3401,4196,137776.830388387,45592.4141209921
11,23,3402,4199,137777.830388387,45595.414120992
11,23,3403,4201,137778.830388387,45597.4141209921
11,23,3409,4207,137784.830388387,45603.414120992
11,23,3415,4210,137790.830388387,45606.4141209921
11,23,3436,4220,137811.830388387,45616.4141209921
11,23,3439,4221,137814.830388387,45617.4141209921
11,23,3444,4222,137819.830388387,45618.4141209921
11,24,2524,4214,136899.830388387,45610.4141209921
11,24,2573,4198,136948.830388387,45594.414120992
11,24,2576,4197,136951.830388387,45593.414120992
11,24,2603,4174,136978.830388387,45570.4141209921
11,24,2604,4172,136979.830388387,45568.414120992
11,24,2604,4165,136979.830388387,45561.414120992
11,24,2599,4150,136974.830388387,45546.4141209921
11,24,2595,4142,136970.830388387,45538.4141209921
11,24,2590,4133,136965.830388387,45529.4141209921
11,24,2586,4131,136961.830388387,45527.4141209921
11,24,2570,4124,136945.830388387,45520.4141209921
11,24,2567,4123,136942.830388387,45519.4141209921
11,24,2472,4114,136847.830388387,45510.4141209921
11,24,2467,4115,136842.830388387,45511.4141209921
11,24,2464,4116,136839.830388387,45512.4141209921
11,24,2462,4117,136837.830388387,45513.4141209921
11,24,2453,4126,136828.830388387,45522.4141209921
11,24,2452,4128,136827.830388387,45524.414120992
11,24,2452,4161,136827.830388387,45557.4141209921
11,24,2492,4203,136867.830388387,45599.4141209921
11,24,2498,4209,136873.830388387,45605.414120992
11,24,2500,4210,136875.830388387,45606.4141209921
11,24,2521,4214,136896.830388387,45610.4141209921
11,25,3109,4201,137484.830388387,45597.4141209921
11,25,3112,4199,137487.830388387,45595.414120992
11,25,3114,4197,137489.830388387,45593.414120992
11,25,3117,4193,137492.830388387,45589.4141209921
11,25,3120,4188,137495.830388387,45584.4141209921
11,25,3121,4186,137496.830388387,45582.4141209921
11,25,3127,4170,137502.830388387,45566.4141209921
11,25,3128,4160,137503.830388387,45556.4141209921
11,25,3128,4150,137503.830388387,45546.4141209921
11,25,3127,4146,137502.830388387,45542.414120992
11,25,3126,4145,137501.830388387,45541.414120992
11,25,3093,4115,137468.830388387,45511.4141209921
11,25,3092,4115,137467.830388387,45511.4141209921
11,25,3048,4119,137423.830388387,45515.414120992
11,25,3022,4122,137397.830388387,45518.4141209921
11,25,3014,4123,137389.830388387,45519.4141209921
11,25,3010,4125,137385.830388387,45521.4141209921
11,25,2999,4136,137374.830388387,45532.414120992
11,25,2979,4160,137354.830388387,45556.4141209921
11,25,2978,4162,137353.830388387,45558.4141209921
11,25,2977,4165,137352.830388387,45561.414120992
11,25,2976,4170,137351.830388387,45566.4141209921
11,25,2976,4171,137351.830388387,45567.414120992
11,25,2978,4181,137353.830388387,45577.414120992
11,25,2979,4184,137354.830388387,45580.4141209921
11,25,2980,4186,137355.830388387,45582.4141209921
11,25,2989,4195,137364.830388387,45591.4141209921
11,25,2995,4196,137370.830388387,45592.4141209921
11,25,3064,4200,137439.830388387,45596.414120992
11,25,3098,4201,137473.830388387,45597.4141209921
11,26,3303,4181,137678.830388387,45577.414120992
11,26,3349,4167,137724.830388387,45563.4141209921
11,26,3363,4104,137738.830388387,45500.414120992
11,26,3363,4103,137738.830388387,45499.414120992
11,26,3362,4098,137737.830388387,45494.4141209921
11,26,3360,4092,137735.830388387,45488.4141209921
11,26,3359,4090,137734.830388387,45486.4141209921
11,26,3352,4083,137727.830388387,45479.4141209921
11,26,3346,4079,137721.830388387,45475.4141209921
11,26,3342,4077,137717.830388387,45473.414120992
11,26,3338,4077,137713.830388387,45473.414120992
11,26,3251,4100,137626.830388387,45496.4141209921
11,26,3251,4102,137626.830388387,45498.414120992
11,26,3254,4117,137629.830388387,45513.4141209921
11,26,3264,4160,137639.830388387,45556.4141209921
11,26,3270,4166,137645.830388387,45562.4141209921
11,26,3278,4172,137653.830388387,45568.414120992
11,26,3284,4176,137659.830388387,45572.4141209921
11,26,3292,4180,137667.830388387,45576.414120992
11,26,3300,4181,137675.830388387,45577.414120992
11,27,3874,4170,138249.830388387,45566.4141209921
11,27,3875,4169,138250.830388387,45565.4141209921
11,27,3877,4165,138252.830388387,45561.414120992
11,27,3879,4160,138254.830388387,45556.4141209921
11,27,3883,4149,138258.830388387,45545.4141209921
11,27,3883,4145,138258.830388387,45541.414120992
11,27,3853,4115,138228.830388387,45511.4141209921
11,27,3828,4098,138203.830388387,45494.4141209921
11,27,3816,4098,138191.830388387,45494.4141209921
11,27,3805,4102,138180.830388387,45498.414120992
11,27,3798,4105,138173.830388387,45501.4141209921
11,27,3794,4107,138169.830388387,45503.4141209921
11,27,3781,4120,138156.830388387,45516.414120992
11,27,3781,4188,138156.830388387,45584.4141209921
11,28,3398,4194,137773.830388387,45590.4141209921
11,28,3400,4193,137775.830388387,45589.4141209921
11,28,3451,4142,137826.830388387,45538.4141209921
11,28,3456,4136,137831.830388387,45532.414120992
11,28,3451,4133,137826.830388387,45529.4141209921
11,28,3445,4131,137820.830388387,45527.4141209921
11,28,3369,4106,137744.830388387,45502.4141209921
11,28,3363,4106,137738.830388387,45502.4141209921
11,28,3362,4108,137737.830388387,45504.4141209921
11,28,3352,4129,137727.830388387,45525.414120992
11,28,3350,4135,137725.830388387,45531.4141209921
11,28,3348,4147,137723.830388387,45543.414120992
11,28,3348,4156,137723.830388387,45552.414120992
11,28,3349,4168,137724.830388387,45564.4141209921
11,28,3350,4169,137725.830388387,45565.4141209921
11,28,3370,4187,137745.830388387,45583.4141209921
11,28,3375,4191,137750.830388387,45587.414120992
11,28,3379,4194,137754.830388387,45590.4141209921
11,29,2405,4172,136780.830388387,45568.414120992
11,29,2447,4162,136822.830388387,45558.4141209921
11,29,2451,4160,136826.830388387,45556.4141209921
11,29,2452,4155,136827.830388387,45551.414120992
11,29,2452,4134,136827.830388387,45530.4141209921
11,29,2451,4130,136826.830388387,45526.414120992
11,29,2449,4129,136824.830388387,45525.414120992
11,29,2442,4127,136817.830388387,45523.4141209921
11,29,2344,4108,136719.830388387,45504.4141209921
11,29,2335,4107,136710.830388387,45503.4141209921
11,29,2330,4108,136705.830388387,45504.4141209921
11,29,2328,4109,136703.830388387,45505.4141209921
11,29,2325,4112,136700.830388387,45508.414120992
11,29,2313,4125,136688.830388387,45521.4141209921
11,29,2312,4129,136687.830388387,45525.414120992
11,29,2312,4130,136687.830388387,45526.414120992
11,29,2329,4162,136704.830388387,45558.4141209921
11,29,2330,4163,136705.830388387,45559.414120992
11,29,2348,4172,136723.830388387,45568.414120992
11,29,2392,4175,136767.830388387,45571.4141209921
11,30,2727,4174,137102.830388387,45570.4141209921
11,30,2731,4172,137106.830388387,45568.414120992
11,30,2767,4130,137142.830388387,45526.414120992
11,30,2769,4126,137144.830388387,45522.4141209921
11,30,2774,4114,137149.830388387,45510.4141209921
11,30,2774,4109,137149.830388387,45505.4141209921
11,30,2693,4095,137068.830388387,45491.414120992
11,30,2679,4094,137054.830388387,45490.414120992
11,30,2677,4094,137052.830388387,45490.414120992
11,30,2648,4161,137023.830388387,45557.4141209921
11,30,2648,4162,137023.830388387,45558.4141209921
11,30,2650,4164,137025.830388387,45560.414120992
11,30,2704,4174,137079.830388387,45570.4141209921
11,31,3612,4177,137987.830388387,45573.4141209921
11,31,3627,4172,138002.830388387,45568.414120992
11,31,3649,4156,138024.830388387,45552.414120992
11,31,3664,4142,138039.830388387,45538.4141209921
11,31,3664,4131,138039.830388387,45527.4141209921
11,31,3659,4111,138034.830388387,45507.414120992
11,31,3657,4107,138032.830388387,45503.4141209921
11,31,3631,4099,138006.830388387,45495.4141209921
11,31,3625,4098,138000.830388387,45494.4141209921
11,31,3622,4098,137997.830388387,45494.4141209921
11,31,3618,4101,137993.830388387,45497.4141209921
11,31,3604,4113,137979.830388387,45509.4141209921
11,31,3576,4141,137951.830388387,45537.4141209921
11,31,3573,4146,137948.830388387,45542.414120992
11,31,3572,4149,137947.830388387,45545.4141209921
11,31,3572,4151,137947.830388387,45547.4141209921
11,31,3574,4157,137949.830388387,45553.414120992
11,31,3575,4159,137950.830388387,45555.4141209921
11,31,3581,4165,137956.830388387,45561.414120992
11,31,3586,4169,137961.830388387,45565.4141209921
11,31,3589,4171,137964.830388387,45567.414120992
11,31,3599,4176,137974.830388387,45572.4141209921
11,31,3602,4177,137977.830388387,45573.4141209921
11,31,3607,4178,137982.830388387,45574.4141209921
11,32,3730,4176,138105.830388387,45572.4141209921
11,32,3731,4175,138106.830388387,45571.4141209921
11,32,3766,4118,138141.830388387,45514.4141209921
11,32,3766,4116,138141.830388387,45512.4141209921
11,32,3765,4112,138140.830388387,45508.414120992
11,32,3764,4111,138139.830388387,45507.414120992
11,32,3761,4109,138136.830388387,45505.4141209921
11,32,3757,4107,138132.830388387,45503.4141209921
11,32,3739,4099,138114.830388387,45495.4141209921
11,32,3695,4086,138070.830388387,45482.414120992
11,32,3688,4086,138063.830388387,45482.414120992
11,32,3678,4091,138053.830388387,45487.4141209921
11,32,3670,4097,138045.830388387,45493.4141209921
11,32,3660,4105,138035.830388387,45501.4141209921
11,32,3658,4107,138033.830388387,45503.4141209921
11,32,3658,4110,138033.830388387,45506.414120992
11,32,3660,4122,138035.830388387,45518.4141209921
11,32,3662,4130,138037.830388387,45526.414120992
11,32,3666,4142,138041.830388387,45538.4141209921
11,32,3668,4144,138043.830388387,45540.4141209921
11,32,3716,4172,138091.830388387,45568.414120992
11,32,3724,4175,138099.830388387,45571.4141209921
11,32,3727,4176,138102.830388387,45572.4141209921
11,33,4007,4172,138382.830388387,45568.414120992
11,33,4045,4152,138420.830388387,45548.4141209921
11,33,4046,4148,138421.830388387,45544.414120992
11,33,4046,4131,138421.830388387,45527.4141209921
11,33,4045,4130,138420.830388387,45526.414120992
11,33,4041,4127,138416.830388387,45523.4141209921
11,33,4038,4125,138413.830388387,45521.4141209921
11,33,3974,4084,138349.830388387,45480.414120992
11,33,3973,4084,138348.830388387,45480.414120992
11,33,3971,4085,138346.830388387,45481.414120992
11,33,3968,4087,138343.830388387,45483.414120992
11,33,3964,4090,138339.830388387,45486.4141209921
11,33,3936,4112,138311.830388387,45508.414120992
11,33,3936,4115,138311.830388387,45511.4141209921
11,33,3944,4130,138319.830388387,45526.414120992
11,33,3950,4138,138325.830388387,45534.414120992
11,33,4006,4172,138381.830388387,45568.414120992
11,34,2294,4184,136669.830388387,45580.4141209921
11,34,2310,4174,136685.830388387,45570.4141209921
11,34,2324,4165,136699.830388387,45561.414120992
11,34,2327,4163,136702.830388387,45559.414120992
11,34,2328,4162,136703.830388387,45558.4141209921
11,34,2328,4151,136703.830388387,45547.4141209921
11,34,2327,4147,136702.830388387,45543.414120992
11,34,2325,4143,136700.830388387,45539.4141209921
11,34,2319,4135,136694.830388387,45531.4141209921
11,34,2312,4126,136687.830388387,45522.4141209921
11,34,2291,4120,136666.830388387,45516.414120992
11,34,2248,4120,136623.830388387,45516.414120992
11,34,2232,4123,136607.830388387,45519.4141209921
11,34,2225,4125,136600.830388387,45521.4141209921
11,34,2223,4127,136598.830388387,45523.4141209921
11,34,2222,4129,136597.830388387,45525.414120992
11,34,2219,4137,136594.830388387,45533.414120992
11,34,2218,4140,136593.830388387,45536.4141209921
11,34,2218,4142,136593.830388387,45538.4141209921
11,34,2221,4147,136596.830388387,45543.414120992
11,34,2229,4155,136604.830388387,45551.414120992
11,34,2244,4169,136619.830388387,45565.4141209921
11,34,2257,4179,136632.830388387,45575.4141209921
11,34,2259,4180,136634.830388387,45576.414120992
11,34,2262,4181,136637.830388387,45577.414120992
11,34,2267,4182,136642.830388387,45578.414120992
11,34,2281,4184,136656.830388387,45580.4141209921
11,35,3231,4166,137606.830388387,45562.4141209921
11,35,3259,4162,137634.830388387,45558.4141209921
11,35,3263,4160,137638.830388387,45556.4141209921
11,35,3263,4143,137638.830388387,45539.4141209921
11,35,3260,4131,137635.830388387,45527.4141209921
11,35,3252,4106,137627.830388387,45502.4141209921
11,35,3250,4100,137625.830388387,45496.4141209921
11,35,3248,4098,137623.830388387,45494.4141209921
11,35,3240,4094,137615.830388387,45490.414120992
11,35,3185,4094,137560.830388387,45490.414120992
11,35,3165,4114,137540.830388387,45510.4141209921
11,35,3158,4122,137533.830388387,45518.4141209921
11,35,3157,4124,137532.830388387,45520.4141209921
11,35,3151,4139,137526.830388387,45535.414120992
11,35,3151,4140,137526.830388387,45536.4141209921
11,35,3152,4147,137527.830388387,45543.414120992
11,35,3153,4150,137528.830388387,45546.4141209921
11,35,3156,4152,137531.830388387,45548.4141209921
11,35,3158,4153,137533.830388387,45549.4141209921
11,35,3184,4160,137559.830388387,45556.4141209921
11,35,3216,4166,137591.830388387,45562.4141209921
11,36,4101,4172,138476.830388387,45568.414120992
11,36,4171,4145,138546.830388387,45541.414120992
11,36,4176,4143,138551.830388387,45539.4141209921
11,36,4182,4140,138557.830388387,45536.4141209921
11,36,4182,4133,138557.830388387,45529.4141209921
11,36,4177,4107,138552.830388387,45503.4141209921
11,36,4173,4101,138548.830388387,45497.4141209921
11,36,4143,4083,138518.830388387,45479.4141209921
11,36,4131,4077,138506.830388387,45473.414120992
11,36,4068,4064,138443.830388387,45460.4141209921
11,36,4067,4064,138442.830388387,45460.4141209921
11,36,4063,4068,138438.830388387,45464.414120992
11,36,4060,4074,138435.830388387,45470.4141209921
11,36,4060,4125,138435.830388387,45521.4141209921
11,36,4061,4130,138436.830388387,45526.414120992
11,36,4063,4138,138438.830388387,45534.414120992
11,36,4066,4147,138441.830388387,45543.414120992
11,36,4071,4157,138446.830388387,45553.414120992
11,36,4073,4160,138448.830388387,45556.4141209921
11,36,4078,4165,138453.830388387,45561.414120992
11,36,4086,4172,138461.830388387,45568.414120992
11,37,2639,4164,137014.830388387,45560.414120992
11,37,2647,4162,137022.830388387,45558.4141209921
11,37,2651,4160,137026.830388387,45556.4141209921
11,37,2657,4156,137032.830388387,45552.414120992
11,37,2665,4148,137040.830388387,45544.414120992
11,37,2669,4142,137044.830388387,45538.4141209921
11,37,2675,4130,137050.830388387,45526.414120992
11,37,2677,4124,137052.830388387,45520.4141209921
11,37,2681,4107,137056.830388387,45503.4141209921
11,37,2677,4095,137052.830388387,45491.414120992
11,37,2676,4093,137051.830388387,45489.414120992
11,37,2674,4092,137049.830388387,45488.4141209921
11,37,2658,4086,137033.830388387,45482.414120992
11,37,2655,4086,137030.830388387,45482.414120992
11,37,2606,4119,136981.830388387,45515.414120992
11,37,2592,4131,136967.830388387,45527.4141209921
11,37,2591,4132,136966.830388387,45528.4141209921
11,37,2591,4135,136966.830388387,45531.4141209921
11,37,2602,4162,136977.830388387,45558.4141209921
11,37,2606,4168,136981.830388387,45564.4141209921
11,38,3570,4150,137945.830388387,45546.4141209921
11,38,3613,4108,137988.830388387,45504.4141209921
11,38,3617,4104,137992.830388387,45500.414120992
11,38,3623,4096,137998.830388387,45492.414120992
11,38,3623,4041,137998.830388387,45437.414120992
11,38,3617,4039,137992.830388387,45435.4141209921
11,38,3607,4038,137982.830388387,45434.4141209921
11,38,3572,4038,137947.830388387,45434.4141209921
11,38,3565,4040,137940.830388387,45436.4141209921
11,38,3562,4041,137937.830388387,45437.414120992
11,38,3557,4043,137932.830388387,45439.414120992
11,38,3547,4053,137922.830388387,45449.4141209921
11,38,3525,4119,137900.830388387,45515.414120992
11,38,3525,4121,137900.830388387,45517.414120992
11,38,3533,4130,137908.830388387,45526.414120992
11,38,3538,4135,137913.830388387,45531.4141209921
11,38,3549,4145,137924.830388387,45541.414120992
11,38,3551,4146,137926.830388387,45542.414120992
11,38,3554,4147,137929.830388387,45543.414120992
11,38,3562,4149,137937.830388387,45545.4141209921
11,38,3567,4150,137942.830388387,45546.4141209921
11,39,4224,4150,138599.830388387,45546.4141209921
11,39,4239,4147,138614.830388387,45543.414120992
11,39,4247,4145,138622.830388387,45541.414120992
11,39,4250,4144,138625.830388387,45540.4141209921
11,39,4254,4142,138629.830388387,45538.4141209921
11,39,4254,4049,138629.830388387,45445.414120992
11,39,4252,4047,138627.830388387,45443.4141209921
11,39,4250,4046,138625.830388387,45442.4141209921
11,39,4247,4045,138622.830388387,45441.4141209921
11,39,4242,4044,138617.830388387,45440.4141209921
11,39,4238,4044,138613.830388387,45440.4141209921
11,39,4233,4045,138608.830388387,45441.4141209921
11,39,4230,4048,138605.830388387,45444.4141209921
11,39,4178,4107,138553.830388387,45503.4141209921
11,39,4178,4118,138553.830388387,45514.4141209921
11,39,4180,4127,138555.830388387,45523.4141209921
11,39,4183,4138,138558.830388387,45534.414120992
11,39,4184,4139,138559.830388387,45535.414120992
11,39,4205,4147,138580.830388387,45543.414120992
11,39,4209,4148,138584.830388387,45544.414120992
11,39,4219,4150,138594.830388387,45546.4141209921
11,40,2206,4144,136581.830388387,45540.4141209921
11,40,2216,4142,136591.830388387,45538.4141209921
11,40,2217,4141,136592.830388387,45537.4141209921
11,40,2218,4139,136593.830388387,45535.414120992
11,40,2221,4132,136596.830388387,45528.4141209921
11,40,2224,4124,136599.830388387,45520.4141209921
11,40,2224,4119,136599.830388387,45515.414120992
11,40,2223,4113,136598.830388387,45509.4141209921
11,40,2217,4099,136592.830388387,45495.4141209921
11,40,2215,4095,136590.830388387,45491.414120992
11,40,2211,4091,136586.830388387,45487.4141209921
11,40,2189,4075,136564.830388387,45471.414120992
11,40,2185,4073,136560.830388387,45469.4141209921
11,40,2117,4068,136492.830388387,45464.414120992
11,40,2116,4068,136491.830388387,45464.414120992
11,40,2112,4113,136487.830388387,45509.4141209921
11,40,2112,4114,136487.830388387,45510.4141209921
11,40,2127,4129,136502.830388387,45525.414120992
11,40,2139,4137,136514.830388387,45533.414120992
11,40,2141,4138,136516.830388387,45534.414120992
11,40,2144,4139,136519.830388387,45535.414120992
11,40,2151,4141,136526.830388387,45537.4141209921
11,40,2162,4143,136537.830388387,45539.4141209921
11,40,2173,4144,136548.830388387,45540.4141209921
11,41,3471,4133,137846.830388387,45529.4141209921
11,41,3474,4132,137849.830388387,45528.4141209921
11,41,3476,4131,137851.830388387,45527.4141209921
11,41,3477,4130,137852.830388387,45526.414120992
11,41,3478,4128,137853.830388387,45524.414120992
11,41,3481,4119,137856.830388387,45515.414120992
11,41,3482,4114,137857.830388387,45510.4141209921
11,41,3474,4096,137849.830388387,45492.414120992
11,41,3471,4090,137846.830388387,45486.4141209921
11,41,3464,4078,137839.830388387,45474.414120992
11,41,3462,4075,137837.830388387,45471.414120992
11,41,3461,4074,137836.830388387,45470.4141209921
11,41,3447,4074,137822.830388387,45470.4141209921
11,41,3422,4075,137797.830388387,45471.414120992
11,41,3388,4077,137763.830388387,45473.414120992
11,41,3370,4080,137745.830388387,45476.4141209921
11,41,3367,4081,137742.830388387,45477.4141209921
11,41,3365,4082,137740.830388387,45478.4141209921
11,41,3364,4084,137739.830388387,45480.414120992
11,41,3363,4087,137738.830388387,45483.414120992
11,41,3362,4092,137737.830388387,45488.4141209921
11,41,3362,4097,137737.830388387,45493.4141209921
11,41,3363,4102,137738.830388387,45498.414120992
11,41,3364,4104,137739.830388387,45500.414120992
11,41,3396,4122,137771.830388387,45518.4141209921
11,41,3408,4126,137783.830388387,45522.4141209921
11,41,3457,4136,137832.830388387,45532.414120992
11,42,2940,4144,137315.830388387,45540.4141209921
11,42,2954,4142,137329.830388387,45538.4141209921
11,42,2959,4141,137334.830388387,45537.4141209921
11,42,2968,4138,137343.830388387,45534.414120992
11,42,2970,4137,137345.830388387,45533.414120992
11,42,2977,4130,137352.830388387,45526.414120992
11,42,2983,4122,137358.830388387,45518.4141209921
11,42,2988,4112,137363.830388387,45508.414120992
11,42,2989,4109,137364.830388387,45505.4141209921
11,42,2990,4104,137365.830388387,45500.414120992
11,42,2990,4092,137365.830388387,45488.4141209921
11,42,2988,4082,137363.830388387,45478.4141209921
11,42,2986,4076,137361.830388387,45472.414120992
11,42,2985,4074,137360.830388387,45470.4141209921
11,42,2971,4058,137346.830388387,45454.414120992
11,42,2968,4057,137343.830388387,45453.4141209921
11,42,2900,4056,137275.830388387,45452.4141209921
11,42,2889,4057,137264.830388387,45453.4141209921
11,42,2888,4061,137263.830388387,45457.4141209921
11,42,2886,4070,137261.830388387,45466.4141209921
11,42,2882,4093,137257.830388387,45489.414120992
11,42,2879,4115,137254.830388387,45511.4141209921
11,42,2878,4125,137253.830388387,45521.4141209921
11,42,2878,4128,137253.830388387,45524.414120992
11,42,2881,4131,137256.830388387,45527.4141209921
11,42,2883,4132,137258.830388387,45528.4141209921
11,42,2899,4138,137274.830388387,45534.414120992
11,42,2902,4139,137277.830388387,45535.414120992
11,42,2927,4144,137302.830388387,45540.4141209921
11,43,2309,4126,136684.830388387,45522.4141209921
11,43,2312,4125,136687.830388387,45521.4141209921
11,43,2317,4121,136692.830388387,45517.414120992
11,43,2323,4115,136698.830388387,45511.4141209921
11,43,2328,4108,136703.830388387,45504.4141209921
11,43,2327,4103,136702.830388387,45499.414120992
11,43,2324,4094,136699.830388387,45490.414120992
11,43,2323,4092,136698.830388387,45488.4141209921
11,43,2311,4076,136686.830388387,45472.414120992
11,43,2306,4071,136681.830388387,45467.4141209921
11,43,2300,4067,136675.830388387,45463.414120992
11,43,2298,4066,136673.830388387,45462.4141209921
11,43,2287,4066,136662.830388387,45462.4141209921
11,43,2280,4068,136655.830388387,45464.414120992
11,43,2234,4083,136609.830388387,45479.4141209921
11,43,2228,4085,136603.830388387,45481.414120992
11,43,2216,4091,136591.830388387,45487.4141209921
11,43,2214,4093,136589.830388387,45489.414120992
11,43,2214,4094,136589.830388387,45490.414120992
11,43,2224,4125,136599.830388387,45521.4141209921
11,43,2302,4126,136677.830388387,45522.4141209921
11,44,2590,4132,136965.830388387,45528.4141209921
11,44,2600,4127,136975.830388387,45523.4141209921
11,44,2635,4104,137010.830388387,45500.414120992
11,44,2656,4085,137031.830388387,45481.414120992
11,44,2656,4082,137031.830388387,45478.4141209921
11,44,2654,4068,137029.830388387,45464.414120992
11,44,2653,4063,137028.830388387,45459.4141209921
11,44,2652,4060,137027.830388387,45456.414120992
11,44,2651,4058,137026.830388387,45454.414120992
11,44,2601,4045,136976.830388387,45441.4141209921
11,44,2565,4042,136940.830388387,45438.414120992
11,44,2562,4042,136937.830388387,45438.414120992
11,44,2549,4052,136924.830388387,45448.4141209921
11,44,2544,4057,136919.830388387,45453.4141209921
11,44,2541,4061,136916.830388387,45457.4141209921
11,44,2534,4071,136909.830388387,45467.4141209921
11,44,2532,4075,136907.830388387,45471.414120992
11,44,2530,4081,136905.830388387,45477.4141209921
11,44,2566,4121,136941.830388387,45517.414120992
11,44,2568,4123,136943.830388387,45519.4141209921
11,44,2579,4128,136954.830388387,45524.414120992
11,44,2589,4132,136964.830388387,45528.4141209921
11,45,4052,4127,138427.830388387,45523.4141209921
11,45,4059,4120,138434.830388387,45516.414120992
11,45,4060,4117,138435.830388387,45513.4141209921
11,45,4061,4110,138436.830388387,45506.414120992
11,45,4062,4098,138437.830388387,45494.4141209921
11,45,4062,4089,138437.830388387,45485.4141209921
11,45,4060,4077,138435.830388387,45473.414120992
11,45,4059,4074,138434.830388387,45470.4141209921
11,45,4056,4071,138431.830388387,45467.4141209921
11,45,4048,4065,138423.830388387,45461.4141209921
11,45,4046,4064,138421.830388387,45460.4141209921
11,45,4037,4064,138412.830388387,45460.4141209921
11,45,3988,4071,138363.830388387,45467.4141209921
11,45,3983,4072,138358.830388387,45468.4141209921
11,45,3981,4073,138356.830388387,45469.4141209921
11,45,3977,4078,138352.830388387,45474.414120992
11,45,3974,4082,138349.830388387,45478.4141209921
11,45,3974,4083,138349.830388387,45479.4141209921
11,45,3994,4104,138369.830388387,45500.414120992
11,45,4000,4110,138375.830388387,45506.414120992
11,45,4024,4122,138399.830388387,45518.4141209921
11,45,4046,4130,138421.830388387,45526.414120992
11,46,2444,4126,136819.830388387,45522.4141209921
11,46,2450,4124,136825.830388387,45520.4141209921
11,46,2452,4123,136827.830388387,45519.4141209921
11,46,2460,4117,136835.830388387,45513.4141209921
11,46,2465,4112,136840.830388387,45508.414120992
11,46,2472,4103,136847.830388387,45499.414120992
11,46,2473,4101,136848.830388387,45497.4141209921
11,46,2475,4095,136850.830388387,45491.414120992
11,46,2475,4091,136850.830388387,45487.4141209921
11,46,2472,4086,136847.830388387,45482.414120992
11,46,2465,4078,136840.830388387,45474.414120992
11,46,2455,4067,136830.830388387,45463.414120992
11,46,2447,4059,136822.830388387,45455.414120992
11,46,2437,4051,136812.830388387,45447.414120992
11,46,2427,4048,136802.830388387,45444.4141209921
11,46,2426,4048,136801.830388387,45444.4141209921
11,46,2418,4055,136793.830388387,45451.4141209921
11,46,2406,4067,136781.830388387,45463.414120992
11,46,2398,4079,136773.830388387,45475.4141209921
11,46,2396,4083,136771.830388387,45479.4141209921
11,46,2385,4108,136760.830388387,45504.4141209921
11,46,2385,4109,136760.830388387,45505.4141209921
11,46,2387,4113,136762.830388387,45509.4141209921
11,46,2392,4118,136767.830388387,45514.4141209921
11,46,2406,4125,136781.830388387,45521.4141209921
11,46,2429,4126,136804.830388387,45522.4141209921
11,47,2874,4128,137249.830388387,45524.414120992
11,47,2877,4127,137252.830388387,45523.4141209921
11,47,2878,4124,137253.830388387,45520.4141209921
11,47,2881,4106,137256.830388387,45502.4141209921
11,47,2888,4060,137263.830388387,45456.414120992
11,47,2888,4056,137263.830388387,45452.4141209921
11,47,2886,4052,137261.830388387,45448.4141209921
11,47,2881,4046,137256.830388387,45442.4141209921
11,47,2872,4037,137247.830388387,45433.4141209921
11,47,2868,4034,137243.830388387,45430.414120992
11,47,2862,4034,137237.830388387,45430.414120992
11,47,2794,4047,137169.830388387,45443.4141209921
11,47,2787,4051,137162.830388387,45447.414120992
11,47,2783,4083,137158.830388387,45479.4141209921
11,47,2782,4093,137157.830388387,45489.414120992
11,47,2782,4106,137157.830388387,45502.4141209921
11,47,2787,4111,137162.830388387,45507.414120992
11,47,2793,4114,137168.830388387,45510.4141209921
11,47,2802,4118,137177.830388387,45514.4141209921
11,47,2816,4122,137191.830388387,45518.4141209921
11,47,2840,4127,137215.830388387,45523.4141209921
11,47,2845,4128,137220.830388387,45524.414120992
11,48,3021,4122,137396.830388387,45518.4141209921
11,48,3081,4117,137456.830388387,45513.4141209921
11,48,3088,4116,137463.830388387,45512.4141209921
11,48,3091,4115,137466.830388387,45511.4141209921
11,48,3093,4114,137468.830388387,45510.4141209921
11,48,3094,4112,137469.830388387,45508.414120992
11,48,3094,4107,137469.830388387,45503.4141209921
11,48,3093,4076,137468.830388387,45472.414120992
11,48,3092,4066,137467.830388387,45462.4141209921
11,48,3091,4062,137466.830388387,45458.4141209921
11,48,3089,4055,137464.830388387,45451.4141209921
11,48,3082,4035,137457.830388387,45431.414120992
11,48,3081,4033,137456.830388387,45429.414120992
11,48,3080,4032,137455.830388387,45428.414120992
11,48,3032,4032,137407.830388387,45428.414120992
11,48,3026,4033,137401.830388387,45429.414120992
11,48,2997,4043,137372.830388387,45439.414120992
11,48,2995,4045,137370.830388387,45441.4141209921
11,48,2993,4048,137368.830388387,45444.4141209921
11,48,2992,4050,137367.830388387,45446.414120992
11,48,2989,4059,137364.830388387,45455.414120992
11,48,2988,4064,137363.830388387,45460.4141209921
11,48,2988,4081,137363.830388387,45477.4141209921
11,48,2990,4091,137365.830388387,45487.4141209921
11,48,2992,4097,137367.830388387,45493.4141209921
11,48,2995,4103,137370.830388387,45499.414120992
11,48,3001,4113,137376.830388387,45509.4141209921
11,48,3007,4119,137382.830388387,45515.414120992
11,48,3009,4120,137384.830388387,45516.414120992
11,48,3014,4122,137389.830388387,45518.4141209921
11,49,3175,4112,137550.830388387,45508.414120992
11,49,3177,4110,137552.830388387,45506.414120992
11,49,3179,4106,137554.830388387,45502.4141209921
11,49,3184,4095,137559.830388387,45491.414120992
11,49,3184,4091,137559.830388387,45487.4141209921
11,49,3174,4064,137549.830388387,45460.4141209921
11,49,3173,4062,137548.830388387,45458.4141209921
11,49,3141,4051,137516.830388387,45447.414120992
11,49,3125,4047,137500.830388387,45443.4141209921
11,49,3113,4046,137488.830388387,45442.4141209921
11,49,3087,4046,137462.830388387,45442.4141209921
11,49,3086,4047,137461.830388387,45443.4141209921
11,49,3086,4048,137461.830388387,45444.4141209921
11,49,3094,4106,137469.830388387,45502.4141209921
11,49,3095,4109,137470.830388387,45505.4141209921
11,49,3157,4122,137532.830388387,45518.4141209921
11,50,2079,4125,136454.830388387,45521.4141209921
11,50,2093,4121,136468.830388387,45517.414120992
11,50,2102,4118,136477.830388387,45514.4141209921
11,50,2110,4114,136485.830388387,45510.4141209921
11,50,2112,4112,136487.830388387,45508.414120992
11,50,2116,4104,136491.830388387,45500.414120992
11,50,2116,4073,136491.830388387,45469.4141209921
11,50,2115,4067,136490.830388387,45463.414120992
11,50,2107,4058,136482.830388387,45454.414120992
11,50,2104,4057,136479.830388387,45453.4141209921
11,50,2063,4049,136438.830388387,45445.414120992
11,50,2014,4049,136389.830388387,45445.414120992
11,50,2012,4053,136387.830388387,45449.4141209921
11,50,2006,4068,136381.830388387,45464.414120992
11,50,2006,4073,136381.830388387,45469.4141209921
11,50,2007,4078,136382.830388387,45474.414120992
11,50,2010,4087,136385.830388387,45483.414120992
11,50,2011,4089,136386.830388387,45485.4141209921
11,50,2017,4095,136392.830388387,45491.414120992
11,50,2044,4109,136419.830388387,45505.4141209921
11,50,2076,4125,136451.830388387,45521.4141209921
